CustomerID,CustomerName,Country,CountryCode,City,PostalCode
72-055-7985,Laney Fadden,China,CN,Daruoyan,993-0031
65-353-0657,Giacopo Bramich,North Korea,KP,Ongjin,216282
90-876-6799,Lia Bonar,Peru,PE,Quince Mil,663246
73-873-4827,Merrill Baudon,Japan,JP,Susaki,987-0352
80-927-5246,Tasia Fautly,Libya,LY,Tobruk,351 01
77-111-2020,Angel Veschambre,Mexico,MX,Rafael Hernandez Ochoa,93995
10-341-4047,Sheilah Maestro,Russia,RU,Belozërskoye,641360
83-800-4789,Audie Willcocks,Portugal,PT,Póvoa do Valado,3810-760
89-896-4591,Mart Malsher,Russia,RU,Gal’bshtadt,692769
21-282-1343,Magdalen Lacheze,China,CN,Fuyang,649-6326
04-699-2162,Margarita Mancktelow,Nigeria,NG,Pindiga,33619
72-013-3529,Ashil Brogini,Japan,JP,Wakayama-shi,649-6326
09-688-8521,Arthur Mathewson,China,CN,Qingshan,353715
08-390-4691,Ennis Dungate,Panama,PA,Pueblo Viejo,351 01
56-479-7571,Tiffani Halstead,Russia,RU,Chelbasskaya,353715
75-558-6855,Roddie Winterbotham,Colombia,CO,Leticia,910008
09-710-7305,Pincas Stearn,Germany,DE,Bielefeld,33619
81-678-3234,Tony Crabtree,China,CN,Kuzhu,993-0032
83-988-2186,Tamarah Filasov,Indonesia,ID,Kertamukti,1110210
66-386-4902,Pen Pruce,Armenia,AM,Yeghegnut,1557174
37-285-0504,Boot Burree,China,CN,Baisangguan,987-0353
07-111-7669,Sabra Calbreath,Czech Republic,CZ,Františkovy Lázně,352 01
84-136-7752,Obidiah Zanicchi,Indonesia,ID,Tabu,1188725
72-417-9175,Anders Stowe,China,CN,Da’anshan,1736090
79-082-9805,Locke Janaway,Indonesia,ID,Jelat,3810-761
24-545-1124,Kaylyn Colebourne,China,CN,Shuangqiao,692770
84-300-6499,Noni Quickenden,Canada,CA,Mont-Royal,649-6327
93-913-0650,Alan Paskell,China,CN,Longzui,33620
91-251-5721,Anny Pattemore,Indonesia,ID,Karanganyar,649-6327
04-960-9928,Les Harmson,Russia,RU,Podkamennaya Tunguska,353716
35-042-6593,Horatio Lundy,China,CN,Huangcun,352 01
45-879-0850,Sibley Rodder,Ukraine,UA,Tyvriv,112351
78-492-1244,Dniren Copperwaite,China,CN,Zhuhu,47696
87-172-1004,Sorcha Beesley,Azerbaijan,AZ,Zabrat,207744
55-516-2272,Alison Jamieson,Brazil,BR,Cambuí,993-0033
79-227-9821,Dre Danher,China,CN,Libei,2004138
87-811-2475,Chris Gummer,Indonesia,ID,Kubangwaru,2451102
97-003-2495,Adiana Shirtliff,Belarus,BY,Haradzyeya,987-0354
26-631-4044,Derry Davis,Panama,PA,La Loma,353 01
07-925-9556,Lenci McFadzean,Honduras,HN,El Triunfo de la Cruz,2283455
18-296-6063,Uriel Grooby,Japan,JP,Izumi,2830820
26-237-6257,Jillayne Gaiford,Kazakhstan,KZ,Būlaevo,3810-762
77-064-4656,Tiertza Doogan,Russia,RU,Ovsyanka,692771
29-631-4932,Ilario Michie,Nigeria,NG,Pindiga,649-6328
04-268-9065,Sarah Plaschke,Thailand,TH,Narathiwat,33621
06-545-4037,Skipp Lowater,Peru,PE,Pacaraos,649-6328
82-278-5664,Maddalena Wolfinger,Zambia,ZM,Senanga,353717
19-112-3031,Mariquilla Labbe,Togo,TG,Notsé,353 01
58-749-9630,Cornelius Harkess,Mexico,MX,Morelos,367792
60-238-7059,Erv Padrick,Thailand,TH,Phichai,527840
03-575-7094,Fielding Struys,China,CN,Shensuo,687888
83-465-8495,Purcell Eyer,Kazakhstan,KZ,Qulsary,993-0034
97-122-0077,Pietra Dibdall,Mexico,MX,El Alamo,2898066
44-106-8726,Dyanne Labbet,Indonesia,ID,Samanggen,3345030
75-652-8475,Elsworth Stannas,China,CN,Jinhai,987-0355
66-683-1761,Marlo McGeaney,China,CN,Matangshan,354 01
18-238-2784,Calvin Aucock,Indonesia,ID,Ngarus,3378185
14-427-0652,Prudence Eastlake,Sweden,SE,Stockholm,3925550
96-883-5571,Gwenora Beauchamp,Zambia,ZM,Petauke,3810-763
59-450-2625,Jerrie Jiran,Brazil,BR,Lorena,692772
17-237-9919,Linc Martynov,France,FR,Saint-Malo,649-6329
89-302-9477,Jackie Kment,Vietnam,VN,Bến Cầu,33622
30-395-2269,Phil Schapero,Indonesia,ID,Rancapare,649-6329
60-742-1416,Giusto Sheavills,Ukraine,UA,Mospyne,353718
42-286-4150,Emmalynne Hairs,Indonesia,ID,Lewobelek,354 01
36-854-2570,Mirna Rosita,Russia,RU,Novorossiysk,847936
00-988-1489,Alard Briat,Russia,RU,Kyshtym,1007984
80-467-4735,Ferdinand Fowley,Uganda,UG,Ntungamo,1168032
04-049-1006,Averell Joint,China,CN,Hancheng,993-0035
25-492-4931,Deane Benbough,China,CN,Dongxin,3791994
38-206-8901,Grenville Hyne,China,CN,Shawan,4238958
93-710-1150,Asia McNess,Portugal,PT,Carromeu,987-0356
79-752-9044,Fayre Crocket,Estonia,EE,Kohila,355 01
94-829-5714,Olive Jeannon,Russia,RU,Kizhinga,4472915
17-162-2135,Karoline Pocock,Philippines,PH,Bislig,5020280
08-581-0238,Rosanne Zorzutti,Nigeria,NG,Oji River,3810-764
51-824-3545,Kele Bracknell,Indonesia,ID,Pisangkemeng,692773
03-133-1843,Artair Lant,Russia,RU,Ulety,649-6330
52-259-8758,Marielle Buffey,Botswana,BW,Mogoditshane,33623
22-744-2112,Maighdiln Lamswood,China,CN,Guangshun,649-6330
54-926-6336,Deina Agus,Colombia,CO,Molagavita,353719
38-254-0934,Cirilo Koschek,Croatia,HR,Garešnica,355 01
72-486-1808,Konrad Standering,China,CN,Sanshan,1328080
40-931-4451,Lilyan Schohier,China,CN,Youchou,1488128
81-286-3465,Eva Dulake,France,FR,Voiron,1648176
42-037-9687,Roi Critzen,Russia,RU,Leninsk,993-0036
09-427-8083,Darby McLae,North Korea,KP,Sinmak,4685922
73-000-6730,Christian Yeld,Indonesia,ID,Parigi,5132886
24-902-5422,Delilah Ayerst,Indonesia,ID,Ngedhusuba,987-0357
38-777-7517,Hynda Skeel,Wallis and Futuna,WF,Mata-Utu,356 01
45-670-3073,Mill Lambell,Peru,PE,Otuzco,5567645
22-817-6388,Melicent Gieves,Indonesia,ID,Jangkat,6115010
30-882-6768,Melisent Claessens,Vietnam,VN,Tân Phú,3810-765
80-373-3482,Son Hurworth,Brazil,BR,Cruz Alta,692774
19-175-1000,Martainn Van Zon,Thailand,TH,Su-ngai Kolok,649-6331
27-350-6986,Elladine Kobiela,Dominican Republic,DO,Bajos de Haina,33624
44-929-7305,Candy Simoncelli,China,CN,Shuiting,649-6331
41-635-6237,Berkley Petrashov,Argentina,AR,La Rioja,353720
00-381-6823,Eba Harriagn,Argentina,AR,La Calera,356 01
59-261-5057,Wilek Ivanyushkin,Ethiopia,ET,Maych’ew,1808224
13-132-4970,Kalindi Ryman,Indonesia,ID,Sumbersari Wetan,1968272
78-150-8068,Viva Foulstone,Poland,PL,Opatówek,2128320
26-834-8571,Hermione Crix,China,CN,Tuopu,993-0037
80-644-1720,Evan Goldsbury,Russia,RU,Businovo,5579850
66-365-0560,Linus Gresham,Costa Rica,CR,Cañas,6026814
73-849-7161,Malchy Huddlestone,Czech Republic,CZ,Hradec Králové,987-0358
96-606-2380,Hakeem Leadston,China,CN,Haoxue,357 01
82-632-3278,Lucilia Sandeman,China,CN,Liangjing,6662375
88-786-4775,Yorgos Staite,South Africa,ZA,Hartswater,7209740
27-255-5518,Lenore Tabb,China,CN,Mayuan,3810-766
55-534-3489,Cathleen Gooday,Portugal,PT,Sabugo,692775
91-467-3717,Heinrick Setchfield,China,CN,Yushikalasu,649-6332
72-701-8397,Worth Laweles,Ghana,GH,Ho,33625
93-083-1812,Noby Torvey,Trinidad and Tobago,TT,Couva,649-6332
89-643-5055,Adah Adamczewski,China,CN,Nangang,353721
60-477-3944,Vivie Twinning,Yemen,YE,Banī an Nahārī,357 01
91-616-5387,Zora Hanalan,Philippines,PH,Lagayan,2288368
62-404-0979,Ham Penhall,Uganda,UG,Kisoro,2448416
30-459-4522,Blancha Trippack,Greece,GR,Kassándreia,2608464
73-981-1213,Carney Speer,Portugal,PT,Duas Igrejas,993-0038
86-200-6226,Christoforo Vagg,Brazil,BR,Ijuí,6473778
12-210-8916,Lorette Golsthorp,China,CN,Shuiting,6920742
09-129-7277,Rana Rait,Brazil,BR,Açucena,987-0359
17-656-8981,Nev Bompas,China,CN,Qianyou,358 01
36-854-2948,Sherilyn Ilewicz,Philippines,PH,Tambulig,7757105
83-486-4557,Fredi Helks,Japan,JP,Kasugai,8304470
71-234-5179,Steward Lavies,Indonesia,ID,Parlilitan,3810-767
81-515-1278,Anastasie Jahnisch,Tunisia,TN,Bi’r al Ḩufayy,692776
53-839-6279,Lyndel Rodwell,Bangladesh,BD,Nālchiti,649-6333
49-536-9801,Elisabetta Jacke,Philippines,PH,San Juan,33626
84-031-0794,Gage Tocknell,Philippines,PH,Calasgasan,649-6333
07-457-0443,Den Coppock.,Canada,CA,Golden,353722
50-716-5754,Granville Mallison,China,CN,Longhuashan,358 01
83-854-5062,Davita Baynham,Croatia,HR,Osekovo,2768512
31-441-5077,Brook Rainger,Syria,SY,Medaya,2928560
30-668-7438,Torr Windrus,China,CN,Yejia,3088608
37-013-0292,Sterne Salterne,United States,US,Shawnee Mission,993-0039
91-982-8246,Keane Wait,Mexico,MX,Emiliano Zapata,7367706
73-965-2661,Shelbi Grishakov,Micronesia,FM,Makur,7814670
65-465-1137,Wyn Attwoull,Pakistan,PK,Ladhewāla Warāich,987-0360
46-957-2549,Mady McMennum,United States,US,Provo,359 01
80-328-3018,Hedi Pellington,Kosovo,XK,Dranoc,8851835
19-745-7544,Durante Bullers,Peru,PE,Quiñota,9399200
21-950-4765,Gale Reeves,Nepal,NP,Bhadrapur,3810-768
37-402-2949,Erika Greensmith,Democratic Republic of the Congo,CD,Kindu,692777
24-909-6177,Gerta Sanday,China,CN,Dengtang,649-6334
58-570-3984,Veronique Caramuscia,Albania,AL,Kastrat,33627
65-987-4463,Alaric Thaw,Sweden,SE,Uppsala,649-6334
21-903-1493,Ingamar Forker,Luxembourg,LU,Niedercorn,353723
80-273-1248,Freida Nannizzi,Ukraine,UA,Andrushivka,359 01
10-502-1445,Aurie Unthank,Mongolia,MN,Buga,3248656
98-956-4430,Sayer Goudman,Brazil,BR,Juazeiro do Norte,3408704
58-165-3429,Ash Lodford,China,CN,Yuejin,3568752
99-033-8011,Chaddy Mangeney,Honduras,HN,Zamora,993-0040
44-048-2898,Cullie McBrady,Portugal,PT,Boavista,8261634
92-325-4771,Mack Fabri,Uruguay,UY,Tarariras,8708598
16-968-9858,Christen Jedrachowicz,South Africa,ZA,Bergville,987-0361
96-909-7950,Eleonore Stitcher,China,CN,Nancheng,360 01
75-905-7326,Staci Coppens,Indonesia,ID,Waiwukak,9946565
40-571-6226,Maible Dalgarno,China,CN,Shuikou,10493930
10-921-5699,Viviyan Lantiff,Philippines,PH,Simod,3810-769
37-372-9415,Gerta Hehir,Mauritius,MU,Bel Air Rivière Sèche,692778
14-852-2100,Lynsey Ludlamme,China,CN,Luyang,649-6335
82-288-9392,Kariotta Core,Nigeria,NG,Kusheriki,33628
56-326-1556,Carena Nucator,Venezuela,VE,San Juan de Manapiare,649-6335
85-368-5194,Windham Meekin,Indonesia,ID,Sidonganti,353724
09-888-3706,Kipp Coulling,Portugal,PT,Azenhas do Mar,360 01
22-453-6603,Alida Dumphy,Philippines,PH,Bagong Pagasa,3728800
59-998-9285,Perrine Scalera,Indonesia,ID,Temorlorong,3888848
31-307-2307,Ezequiel Cunniff,Poland,PL,Lubień Kujawski,4048896
73-427-9774,Sully Cunney,Afghanistan,AF,Dowr-e Rabāţ,993-0041
41-082-7417,Clevey Garfit,South Korea,KR,Daegu,9155562
68-700-9823,Berne Banbury,Russia,RU,Khuzhir,9602526
03-051-7819,Nessie Wheal,China,CN,Gucheng,987-0362
57-301-6790,Manolo Russ,Indonesia,ID,Kroya,361 01
94-865-3366,Mureil Codman,Portugal,PT,Figueiredo,11041295
00-090-3491,Bradford Rafe,Senegal,SN,Koungheul,11588660
77-591-2181,Esra Mc Meekan,China,CN,Heshan,3810-770
99-109-2353,Web O'Howbane,Portugal,PT,Igreja,692779
73-175-9496,Jordan Donner,Portugal,PT,Vila Fria,649-6336
90-491-1239,Yorgos BoHlingolsen,Portugal,PT,Figueira dos Cavaleiros,33629
63-604-3193,Onfroi Kornyakov,Philippines,PH,Bongao,649-6336
02-974-0997,Aubine Chardin,Philippines,PH,Pasian,353725
84-403-5215,Hana Livesay,China,CN,Wutong,361 01
75-436-9725,Cristabel Nutty,China,CN,Yudaikelike,4208944
10-972-8681,Abigail Struis,China,CN,Mahekou,4368992
11-127-1413,Cirillo Creamen,China,CN,Yanghuxiang,4529040
38-352-8049,Jozef Godson,Brazil,BR,Forquilhinha,993-0042
57-611-6010,Tabbie Conboy,Argentina,AR,Corrientes,10049490
73-948-0480,Roth Cousans,Nigeria,NG,Rijau,10496454
59-715-3288,Dene Dawby,Saint Lucia,LC,Laborie,987-0363
68-082-3942,Kally Biers,Guatemala,GT,El Jícaro,362 01
43-748-1342,Garek Gearty,Japan,JP,Nara-shi,12136025
23-541-2030,Ulick Tebboth,Russia,RU,Boguchar,12683390
52-934-7220,Merwin Pikhno,United States,US,Reno,3810-771
00-435-7006,Silas Asson,Ukraine,UA,Hupalivka,692780
85-779-8174,Pierson Baal,China,CN,Nansheng,649-6337
63-906-6480,Reta Leipoldt,Indonesia,ID,Cibangun Tengah,33630
73-712-9768,Joline Cancelier,France,FR,Saint-Claude,649-6337
70-480-2781,Sheffield Turbitt,Japan,JP,Motegi,353726
94-235-1902,Giustina Thorne,Palestinian Territory,PS,Juḩr ad Dīk,362 01
13-641-1831,Gallagher Benyon,China,CN,Hengli,4689088
71-561-5133,Sabra Corry,Japan,JP,Takikawa,4849136
92-135-9201,Charline Windrus,China,CN,Huangzhan,5009184
09-339-5822,Webster Lomax,Czech Republic,CZ,Batelov,993-0043
90-275-2874,Vincent Boarer,Belarus,BY,Kastsyukovichy,10943418
37-705-9466,Dietrich Feetham,Mozambique,MZ,Manhiça,11390382
96-259-0479,Charita Bosworth,Poland,PL,Pisz,987-0364
75-937-6004,Basil Slarke,Russia,RU,Mamonovo,363 01
91-321-8895,Dicky Van der Son,Russia,RU,Nizhnyaya Omka,13230755
80-325-0206,Kali Avis,Greece,GR,Rodotópi,13778120
90-508-0061,Zebedee Spafford,Indonesia,ID,Pasirmukti,3810-772
29-310-6052,Alexandr McGill,China,CN,Miliangju,692781
39-459-6791,Lulu Hastin,China,CN,Sandaoba,649-6338
85-700-6393,Ardenia Lobb,China,CN,Muzhijie,33631
03-215-3959,Cissy Blondelle,Russia,RU,Zhukovskiy,649-6338
00-689-5519,Jill O'Sirin,Japan,JP,Shiogama,353727
64-198-0112,Tommi Durham,Indonesia,ID,Kertorejo,363 01
80-658-1730,Adham Heyns,Ukraine,UA,Bila Tserkva,5169232
35-344-7124,Shandeigh Andreas,Portugal,PT,Silveiros,5329280
35-109-7817,Ram Chaudhry,Namibia,,Lüderitz,5489328
13-027-0249,Mattie Winyard,China,CN,Baitian,993-0044
58-341-8825,Forester Buxcey,Brazil,BR,Biguaçu,11837346
57-489-1320,Crysta Garratty,Philippines,PH,Tambong,12284310
99-534-0752,Waylan Grieve,China,CN,Lang,987-0365
46-708-9429,Ermina Kitter,China,CN,Dongzaogang,364 01
55-267-3235,Raymond Cranage,Indonesia,ID,Tebluru,14325485
30-073-5505,Kore Smurfit,Indonesia,ID,Gedangan,14872850
14-968-9727,Desdemona Dobbinson,Ukraine,UA,Zaozerne,3810-773
02-063-5381,Elora Eliesco,Moldova,MD,Chişinău,692782
97-687-5761,Annaliese Cowill,Nicaragua,NI,Matagalpa,649-6339
90-627-6303,Nadean Elves,Czech Republic,CZ,Pardubice,33632
47-900-5071,Burgess Hancill,Madagascar,MG,Mananjary,649-6339
32-475-1071,Alvan Winspare,Kazakhstan,KZ,Bayanaūyl,353728
97-708-6756,Ethelbert Cordeux,Finland,FI,Kittilä,364 01
32-836-5069,Gilberta Sabberton,Panama,PA,El Rincón,5649376
33-715-4955,Reginauld Kelemen,France,FR,Paris 01,5809424
13-989-5109,Merrill Sawford,Indonesia,ID,Nggambel,5969472
61-819-5221,Jackelyn Jacox,Philippines,PH,Biga,993-0045
14-998-1300,Rene Garn,Uganda,UG,Ngora,12731274
76-877-1926,Araldo Gutman,China,CN,Gunziying,13178238
62-870-7138,Stewart Keppe,Austria,AT,Salzburg,987-0366
68-435-7756,Fidelity Banham,Thailand,TH,Thap Than,365 01
06-346-0589,Zorana Diggin,China,CN,Baidian,15420215
45-770-5550,Grenville Bottomore,Tunisia,TN,Siliana,15967580
57-734-9941,Julina Di Franceschi,China,CN,Liangkou,3810-774
16-233-7577,Natty Murt,Gambia,GM,Nyamanari,692783
33-155-2546,Phillipe Ropartz,Micronesia,FM,Lukunor,649-6340
72-484-4060,Douglas O' Cloney,Philippines,PH,Buracan,33633
01-882-3064,Adrianne Freeland,France,FR,Saint-Leu-la-Forêt,649-6340
44-352-4880,Maisie Matyushkin,China,CN,Zhenlong,353729
29-581-4956,Lew Allot,Portugal,PT,Quinta da Courela,365 01
91-062-1559,Fairfax Seniour,Slovenia,SI,Destrnik,6129520
60-056-7305,Vania Gilding,Brazil,BR,Coronel Vivida,6289568
93-077-9628,Aime Ferry,United States,US,Sacramento,6449616
27-928-3810,Waldo Tomkiss,Portugal,PT,Loivos,993-0046
59-029-6148,Ely Doodson,China,CN,Xiaji,13625202
88-633-8492,Cate Pagitt,Peru,PE,Cancas,14072166
16-061-3868,Johnette Haitlie,Ivory Coast,CI,Biankouma,987-0367
76-663-5204,Aldric Jerman,China,CN,Longtian,366 01
53-638-1872,Maybelle Bellows,Canada,CA,Viking,16514945
81-155-1642,Merlina Lermit,United States,US,Allentown,17062310
09-463-4222,Livvyy Grombridge,Brazil,BR,Aracruz,3810-775
46-863-0685,Tibold MacGorley,Indonesia,ID,Waiklibang,692784
26-673-1238,Madelin Giacomi,Armenia,AM,Marmashen,649-6341
46-036-3035,Arnie Jay,Indonesia,ID,Ulimonong,33634
78-169-2461,Berenice Marples,Ukraine,UA,Krasnyy Luch,649-6341
73-374-8667,Marys Offen,Argentina,AR,Oberá,353730
91-807-1653,Dacey Witherden,Argentina,AR,General José de San Martín,366 01
61-361-4915,Chloette Pyke,China,CN,Hexing,6609664
91-253-6389,Kameko Cockton,Thailand,TH,Bang Rak,6769712
26-608-5179,Rayner Lukianovich,Indonesia,ID,Dampit,6929760
40-831-4524,Donella Tomasini,Norway,NO,Tromsø,993-0047
78-925-5718,Dennison Qusklay,France,FR,Mont-de-Marsan,14519130
33-532-7457,Orel Gawthrope,Egypt,EG,Ḩawsh ‘Īsá,14966094
37-472-2855,Harriett O'Sirin,Portugal,PT,Aveiras de Cima,987-0368
15-796-7574,Mona Rudwell,Nigeria,NG,Obiaruku Quarters,367 01
20-514-8420,Britta Barday,Indonesia,ID,Mersam,17609675
14-149-6520,Zita Coldbath,China,CN,Zala,18157040
68-514-7375,Phillis Denley,Indonesia,ID,Lawonda,3810-776
76-056-5131,Sandor Barradell,Indonesia,ID,Cangkreng,692785
67-683-3934,Rowena Santori,Poland,PL,Kłomnice,649-6342
85-427-4404,Licha Verden,Brazil,BR,Manaus,33635
97-050-8120,Anabelle Dominelli,Greece,GR,Kalávryta,649-6342
06-994-0572,Philomena Petracchi,Russia,RU,Sosnovka,353731
27-609-7148,Annaliese Brunsden,Germany,DE,Düsseldorf,367 01
35-231-9391,Kym Lepard,Portugal,PT,Vales,7089808
38-821-9223,Haily Izakoff,South Africa,ZA,Villiers,7249856
85-902-1541,Junie Older,Iran,IR,Shīrvān,7409904
68-632-2108,Currie Fidell,Democratic Republic of the Congo,CD,Kasangulu,993-0048
58-972-0413,Estele Schultze,Russia,RU,Tisul’,15413058
60-024-5912,Ber Dillet,Jamaica,JM,Trinity Ville,15860022
35-838-2312,Merill Leyninye,Poland,PL,Ustrzyki Dolne,987-0369
38-921-3385,Herve Tunmore,Zimbabwe,ZW,Raffingora,368 01
70-887-8634,Armstrong Collerd,Philippines,PH,Lallayug,18704405
72-151-8614,Allyce Mantione,Russia,RU,Tosno,19251770
80-202-1241,Sue Voyce,China,CN,Datong,3810-777
43-930-4762,Teriann Olivari,Canada,CA,Assiniboia,692786
62-555-9031,Dalila Baldree,Pitcairn,PN,Adamstown,649-6343
61-290-1464,Becki Bonsall,China,CN,Shanglaxiu,33636
76-263-1020,Valma Brideau,Russia,RU,Nizhniy Tsasuchey,649-6343
13-838-5377,Zach Bondley,Indonesia,ID,Lampa,353732
08-962-4575,Katherine Midson,Serbia,RS,Tomaševac,368 01
54-610-9376,Alisander Cornelisse,Russia,RU,Prokhorovka,7569952
61-679-9578,Fax Rojahn,Japan,JP,Fukiage-fujimi,7730000
65-854-0852,Hymie Meadowcroft,Argentina,AR,Arias,7890048
44-527-5077,Steffie Slemmonds,China,CN,Sangba,993-0049
45-196-5583,Melessa Lecordier,Albania,AL,Gradishtë,16306986
97-034-6516,Gardy Neljes,Peru,PE,Ihuari,16753950
07-795-8092,Chrotoem Estevez,Peru,PE,Ayabaca,987-0370
91-067-3717,Cori Percifer,Mexico,MX,El Limon,369 01
00-806-0662,Melisse Southeran,Ukraine,UA,Pohrebyshche,19799135
85-983-2290,Maressa Fruish,Nepal,NP,Wāling,20346500
58-629-4175,Moishe Constant,Albania,AL,Grudë-Fushë,3810-778
79-307-3578,Jakie Bullan,Brazil,BR,Taboão da Serra,692787
87-579-7924,Deloria Hannen,Uganda,UG,Alebtong,649-6344
33-772-5377,Lucho McGerraghty,Indonesia,ID,Dangbigih,33637
28-146-1975,Dwain Eccott,Pakistan,PK,Kallar Kahār,649-6344
71-674-3925,Jerome Ovitts,Guatemala,GT,Guanagazapa,353733
42-982-8925,Janith Bowra,Nigeria,NG,Geidam,369 01
30-049-5208,Essy Licence,Philippines,PH,Toledo,8050096
97-474-3634,Rosaleen Ionnisian,Uzbekistan,UZ,Qŭrghontepa,8210144
84-107-5872,Titos Edgcumbe,Greece,GR,Katoúna,8370192
28-301-5131,Sullivan Eddoes,Portugal,PT,Barqueiro,993-0050
18-208-4971,Flem Haibel,South Korea,KR,Koesan,17200914
05-230-9436,Gualterio Backshall,Brazil,BR,Telêmaco Borba,17647878
78-456-9963,Chauncey Barrott,Philippines,PH,Langpas,987-0371
34-306-8680,Lana Boyne,China,CN,Jinshi,370 01
59-084-7992,Mickie Alred,Japan,JP,Inashiki,20893865
26-229-0678,Kellyann Sambells,Indonesia,ID,Brongkalan,21441230
98-945-3693,Alexia Candelin,Finland,FI,Vihti,3810-779
63-572-7482,Bianka McLanaghan,Indonesia,ID,Sangkulirang,692788
50-245-9029,Pansie Alldis,Poland,PL,Złotniki,649-6345
02-565-4368,Olly Dobbinson,Albania,AL,Lukovë,33638
17-062-2228,Hale Danilchik,Indonesia,ID,Kaducondong,649-6345
28-599-7053,Sandy Rubinowicz,China,CN,Guilin,353734
59-164-4769,Lucais Sewards,China,CN,Meishan,370 01
90-805-1347,Joye MacHostie,Russia,RU,Novoye Leushino,8530240
67-121-1555,Celinda Mamwell,Indonesia,ID,Lela,8690288
01-010-4453,Norby Foord,Czech Republic,CZ,Koryčany,8850336
37-935-3233,Malinde Blunn,Indonesia,ID,Dusun Tengah Cihaurbeuti,993-0051
93-638-4651,Harry Beak,China,CN,Zhoukou,18094842
32-058-7312,Rafferty Guyonneau,Philippines,PH,Santa Magdalena,18541806
26-401-4662,Marice Leavens,China,CN,Zhongxin,987-0372
99-288-3999,Melinda O'Brogan,Sweden,SE,Tibro,371 01
18-878-4452,Brook Begent,Latvia,LV,Ikšķile,21988595
06-566-4150,Ario Meekin,China,CN,Longju,22535960
44-371-9315,Schuyler Walewski,United States,US,Inglewood,3810-780
16-794-2589,Ariadne Copeland,United States,US,Phoenix,692789
75-496-8007,Tamma Clink,United States,US,Charlotte,649-6346
80-565-2790,Jaynell Alty,Uruguay,UY,Delta del Tigre,33639
66-302-7863,Laurianne Diehn,Madagascar,MG,Ikongo,649-6346
23-068-9989,Padraic Zanutti,Bosnia and Herzegovina,BA,Svojat,353735
67-529-6495,Codee Pindar,Greece,GR,Drosiá,371 01
94-518-3950,Gabey Macewan,Philippines,PH,Tagnanan,9010384
51-263-4679,Dinny Fonzone,Indonesia,ID,Mojogajeh,9170432
58-684-1818,Adamo Rumens,Mongolia,MN,Bodĭ,9330480
30-273-7602,Lottie Schultheiss,Japan,JP,Miharu,993-0052
61-440-3934,Ferguson Wilcocke,Russia,RU,Sychëvo,18988770
15-509-1414,Kelwin Ryle,Philippines,PH,Pidigan,19435734
05-507-9751,Griz Tawse,Indonesia,ID,Bangkalan,987-0373
80-343-1997,Katie Betancourt,Moldova,MD,Bender,372 01
04-641-1747,Caterina Sweetnam,Philippines,PH,Babatngon,23083325
98-778-3557,Karia Sonier,China,CN,Wuxue Shi,23630690
44-057-4911,Durand Kitt,Russia,RU,Aban,3810-781
21-735-6636,Veradis Tiddy,Poland,PL,Stepnica,692790
91-165-1485,Constantina Mottley,Russia,RU,Petropavlovskaya,649-6347
94-324-2649,Barnabas Gerrell,Luxembourg,LU,Mompach,33640
19-662-9886,Hinda Giacopetti,France,FR,Saint-Avold,649-6347
79-230-2093,Zolly Heinzel,Poland,PL,Kaliska,353736
86-735-3061,Julianna Jostan,Philippines,PH,Agusan,372 01
95-153-0059,Hallie Roddam,Indonesia,ID,Setono,9490528
91-536-3437,Madlin McGrory,China,CN,Shangcai Zhongxing,9650576
83-279-6709,Tersina Wolfer,Iran,IR,Shiraz,9810624
55-844-1489,Andonis Rawling,China,CN,Shengrenjian,993-0053
90-874-3974,Aluin McUre,Sweden,SE,Gråbo,19882698
57-924-8318,Damiano Yurasov,Philippines,PH,Dampol,20329662
41-401-4494,Almeta Laird-Craig,Afghanistan,AF,Karukh,987-0374
45-809-5759,Nickolai Balmer,China,CN,Huolianpo,373 01
59-553-0874,Isac Crimpe,France,FR,Évreux,24178055
63-816-5027,Verene Beatens,Portugal,PT,Lamas,24725420
74-822-1028,Carol-jean Croston,China,CN,Sijing,3810-782
72-364-9120,Dareen Soutar,Japan,JP,Mukō,692791
65-949-4674,Pietra Paute,Peru,PE,San Antonio,649-6348
14-623-7622,Evvie Crossby,Central African Republic,CF,Ouango,33641
72-045-4857,Claybourne Costin,Greece,GR,Pigí,649-6348
85-164-1355,Dennie Lilloe,China,CN,Yueyang,353737
67-170-9130,Orelle Beadel,China,CN,Lingquan,373 01
88-616-2949,Gregg Yellowlea,South Africa,ZA,Queenstown,9970672
52-456-8474,Pete Morden,China,CN,Caidian,10130720
51-673-6515,Margarette Hobell,Ireland,IE,Moville,10290768
51-918-5148,Ansell Lethlay,Bangladesh,BD,Morrelgonj,993-0054
71-435-6306,Kathy Fairlam,China,CN,Shilong,20776626
22-129-8597,Cleon Moreton,China,CN,Youcheng,21223590
70-288-8972,Allyce Berthon,Russia,RU,Vitim,987-0375
32-854-1763,Garvin Guerrazzi,China,CN,Baiyun,374 01
01-169-3967,Susette O'Neil,United States,US,Hamilton,25272785
86-857-1829,Ignace Cooney,Mexico,MX,Chapultepec,25820150
84-742-3186,Emera Whitewood,Ecuador,EC,Manta,3810-783
64-729-1878,Miquela Dutnell,Russia,RU,Kamenskiy,692792
44-383-3466,Montgomery Spileman,Russia,RU,Tselinnoye,649-6349
71-703-5222,Salem Morgen,China,CN,Zhengcun,33642
18-607-5868,Enid Francescuccio,Albania,AL,Moglicë,649-6349
09-799-7986,Evelyn Serrier,France,FR,Lorient,353738
98-044-8929,Virginie McGrey,Malaysia,MY,Kuala Lumpur,374 01
13-473-0498,Susie Torrisi,Russia,RU,Yazykovo,10450816
75-903-8085,Georgeanna Boulton,Russia,RU,Mayskiy,10610864
88-753-2311,Cynthy Stovold,Hungary,HU,Budapest,10770912
29-317-1692,Spenser Wandless,China,CN,Qinxi,993-0055
34-874-3361,Ethelind Schnieder,Sweden,SE,Kinna,21670554
65-570-0362,Paco Towersey,Russia,RU,Volzhsk,22117518
08-227-7061,Laverna Skeermer,China,CN,Nankengzi,987-0376
24-717-8311,Granger Aiers,Poland,PL,Spytkowice,375 01
60-022-9187,Lilian Dislee,Brazil,BR,Cordeirópolis,26367515
15-794-0367,Chrotoem Harniman,Zambia,ZM,Petauke,26914880
89-492-9791,Thorny Westrip,Greece,GR,Lidoríki,3810-784
94-757-1930,Berny Elcoate,Argentina,AR,Palpalá,692793
48-588-2099,Kiersten Dalliwater,France,FR,Saumur,649-6350
83-012-9386,Ives Armstead,Indonesia,ID,Nobo,33643
69-118-4914,Hersh Bolgar,South Korea,KR,Cheongsong gun,649-6350
74-526-8799,Carlin Brabon,Brazil,BR,Mocajuba,353739
45-612-9855,Mignonne Shepland,Indonesia,ID,Sudo,375 01
46-176-6402,Jacky Shapero,Bermuda,BM,Hamilton,10930960
79-477-1193,Roch Panchen,Brazil,BR,Belo Jardim,11091008
18-234-4252,Stan Clethro,Russia,RU,Samashki,11251056
99-380-1965,Hamlen Mashro,China,CN,Hexi,993-0056
50-079-2328,Marena Jacox,France,FR,Montauban,22564482
77-348-8809,Lorna Bogart,Russia,RU,Novoderevyankovskaya,23011446
50-340-3351,Mirilla Barff,China,CN,Chenyangzhai,987-0377
76-937-0622,Steffane Karpol,Greece,GR,Vólos,376 01
08-294-3158,Weston Dearden,China,CN,Fenhe,27462245
83-395-8326,Kimble Wayvill,Gambia,GM,Sankwia,28009610
39-327-8322,Theadora Huetson,China,CN,Fengping,3810-785
67-611-0715,Alexandros Brookfield,China,CN,Tiancheng,692794
26-438-8798,Katrina Aylett,France,FR,Lyon,649-6351
36-618-6589,Mateo Wightman,Russia,RU,Topol’noye,33644
84-440-9751,Ariadne McCrie,Indonesia,ID,Baing,649-6351
51-678-5620,Karlene Whetson,Mali,ML,Niafunké,353740
75-673-9361,Camille Symmons,China,CN,Zhangfeng,376 01
63-547-7404,Silva Addy,Russia,RU,Vyksa,11411104
57-497-0939,Maddie Raw,Russia,RU,Leshukonskoye,11571152
64-337-3586,Marcile Meffen,China,CN,Nanping,11731200
37-335-7316,Elliott Avard,Czech Republic,CZ,Zabrušany,993-0057
04-810-9943,Cyndi Ruler,Croatia,HR,Smokvica,23458410
04-732-9888,Lauralee Beteriss,Sweden,SE,Kungsbacka,23905374
73-312-7210,Beth Crocket,Japan,JP,Hita,987-0378
71-907-8875,Peggie Biddles,Malaysia,MY,Melaka,377 01
31-388-0154,Roxana Dicte,Mexico,MX,Guadalupe,28556975
61-104-0525,Alyse Pimlett,Poland,PL,Rzeczenica,29104340
13-617-0573,Jolee Linthead,Indonesia,ID,Pekalongan,3810-786
80-987-8100,Brit Northfield,Indonesia,ID,Sumberejo,692795
60-508-6117,Baldwin Colchett,Mali,ML,Niono,649-6352
64-943-2705,Araldo Bramhall,Canada,CA,Markham,33645
76-207-5652,Josiah Thayre,Philippines,PH,Cantilan,649-6352
57-651-6974,Alberik Fancy,Indonesia,ID,Magetlegar,353741
18-790-4326,Trixy Southwick,Czech Republic,CZ,Klenčí pod Čerchovem,377 01
82-126-8371,Callie Dunning,China,CN,Jiaotan,11891248
09-488-5773,Melloney Schimke,Colombia,CO,Galán,12051296
07-589-4558,Tammara Burgyn,Poland,PL,Wohyń,12211344
42-806-9893,Seamus Hearl,Belarus,BY,Kokhanava,993-0058
63-536-7273,Yorgo Muzzillo,Indonesia,ID,Gunungbatu,24352338
62-857-0603,Tiler Kenrack,Canada,CA,Olds,24799302
78-012-8423,Shannon Osban,China,CN,Dapuchaihe,987-0379
63-919-4250,Forest Cole,Guatemala,GT,Palencia,378 01
71-615-2472,Fred Tatersale,Bolivia,BO,Lintaca,29651705
11-253-6502,Salvidor Francesch,China,CN,Huangzhawan,30199070
34-259-4548,Sharai MacMenamin,Russia,RU,Vel’sk,3810-787
39-359-4391,Reuben Iannello,Sweden,SE,Hallstahammar,692796
81-541-0260,Ginevra Pally,Reunion,RE,Saint-Denis,649-6353
09-732-9826,Annice Maxworthy,China,CN,Pujijie,33646
52-341-6099,Koo Vinick,Poland,PL,Ostrzeszów,649-6353
77-254-9655,Hilly Leahey,China,CN,Yanghu,353742
69-923-8256,Hilary Pudner,Philippines,PH,Pangal Sur,378 01
20-317-3721,Porty Auston,China,CN,Yanshang,12371392
66-441-5150,Danyelle Butts,China,CN,Baojiadian,12531440
28-196-8983,Rowan Grover,Colombia,CO,Palmira,12691488
84-776-0112,Mariann Ibbeson,Indonesia,ID,Desa Kertasari,993-0059
98-090-3894,Renard Crispin,Portugal,PT,São Martinho de Árvore,25246266
01-864-9695,Tatiania O'Crigane,Ukraine,UA,Semenivka,25693230
75-904-5534,Koral Stampfer,China,CN,Jijiang,987-0380
11-447-6901,Launce Sowerbutts,Morocco,MA,Tan-Tan,379 01
04-162-3406,Leone Klulisek,Tanzania,TZ,Dodoma,30746435
32-426-3513,Maison Shoreson,Panama,PA,Guadalupe,31293800
67-522-8690,Tricia Bellsham,Venezuela,VE,Mene de Mauroa,3810-788
16-649-4523,Amye Limbert,Myanmar,MM,Hpa-an,692797
64-444-2153,Igor Durrand,China,CN,Hebei,649-6354
09-563-6732,Everard Trasler,Thailand,TH,Kut Chap,33647
49-298-2216,Chastity Medlar,Indonesia,ID,Girijaya,649-6354
92-486-6132,Morgan Gouldeby,Brazil,BR,Jequitinhonha,353743
12-123-6838,Read Trusty,Thailand,TH,Chumphon,379 01
77-493-2198,Flynn Magnay,Poland,PL,Jasienica,12851536
61-286-3086,Kiley Nare,Brazil,BR,Canutama,13011584
12-472-1799,Elfrieda Umbers,Russia,RU,Novyye Gorki,13171632
64-810-4341,Tera Stockdale,France,FR,Cholet,993-0060
26-402-5585,Bree Bleas,China,CN,Fenkeng,26140194
58-027-4960,Cahra Delacoste,China,CN,Zhouhe,26587158
45-876-6548,Haskel Bowell,China,CN,Qiaodong,987-0381
89-460-3944,Julius Scutchin,Philippines,PH,Buenavista,380 01
15-547-7156,Shanan Mingay,China,CN,Xingtan,31841165
77-585-5912,Petronille Southwood,Portugal,PT,Figueira,32388530
21-667-2874,Paulie Lemerle,Madagascar,MG,Fandriana,3810-789
01-905-4730,Rhody Dobbin,Philippines,PH,Danao,692798
98-252-9656,Rene Clements,Bolivia,BO,Cliza,649-6355
06-514-5687,Agnes Acey,Belarus,BY,Sasnovy Bor,33648
63-367-4362,Verena Garman,Indonesia,ID,Kauhan,649-6355
32-514-4207,Claire Morland,Cuba,CU,Santiago de Cuba,353744
95-643-4919,Othella Flood,Thailand,TH,Thap Than,380 01
22-174-9688,Nertie Igglesden,Spain,ES,Elx/Elche,13331680
13-517-7084,Linus Greer,Afghanistan,AF,Alah Sāy,13491728
29-300-1910,Des Covet,Finland,FI,Nurmijärvi,13651776
53-132-9646,Jacynth Clubb,Poland,PL,Bęczarka,993-0061
82-587-1933,Payton Rissen,Philippines,PH,Panitan,27034122
71-993-6020,Coralie Keenlayside,Indonesia,ID,Mulandoro,27481086
98-558-7897,Alli Cunney,China,CN,Hongtang,987-0382
53-761-3433,Ulberto Alyutin,Brazil,BR,Piritiba,381 01
57-007-8529,Sinclare Milburne,Greece,GR,Vári,32935895
72-650-0634,Devy Hookes,China,CN,Tanzhou,33483260
84-581-2271,Dominga Mc Kellen,Russia,RU,Kochenëvo,3810-790
56-917-2112,Kalinda Grestye,China,CN,Chadian,692799
56-311-7903,Robbin Shottin,China,CN,Yangyong,649-6356
30-481-3036,Aldrich Phythien,United States,US,Lubbock,33649
54-947-0130,Jemmy Whelan,Brazil,BR,Conde,649-6356
12-180-4369,Gearard Rowston,Netherlands,NL,Sneek,353745
29-590-2171,Kenna Lideard,South Africa,ZA,Claremont,381 01
20-380-7591,Doll Friary,Russia,RU,Novouzensk,13811824
58-762-4502,Gualterio Paget,Colombia,CO,Dos Quebradas,13971872
88-064-9725,Serena Yerby,France,FR,Brétigny-sur-Orge,14131920
91-647-4130,Nita Vannacci,Iran,IR,Shāzand,993-0062
50-213-8609,Henry Reaney,Brazil,BR,Limoeiro de Anadia,27928050
39-738-3678,Rooney Milbourne,Lithuania,LT,Vilnius,28375014
98-374-2865,Marketa Olman,Indonesia,ID,Cilimus Kulon,987-0383
01-560-0809,Klement Brothwell,Peru,PE,Mañazo,382 01
70-750-9176,Andrej Wolfindale,Philippines,PH,Tawala,34030625
82-014-8133,Rudolph Brozek,France,FR,Paris 18,34577990
87-320-3281,Ryley McKillop,Thailand,TH,Huai Mek,3810-791
94-479-0084,Riley Curnnok,Jersey,JE,Saint Helier,692800
24-176-7246,Galina Whaites,China,CN,Qiaozi,649-6357
64-206-9106,Rania Gerritsma,Zimbabwe,ZW,Macheke,33650
69-254-9529,Evangeline Bernet,China,CN,Gaoping,649-6357
49-045-3798,Berte Tootin,Thailand,TH,Samran,353746
08-816-0158,Cathe Snar,China,CN,Yangyong,382 01
39-392-8970,Terry Iannitti,Portugal,PT,Outeiro,14291968
36-821-2511,Ernestine Merrgen,Indonesia,ID,Batujaran,14452016
64-494-1301,Debbi Gaule,France,FR,Le Raincy,14612064
07-369-4272,Xymenes Hands,Portugal,PT,Silvares,993-0063
49-237-7569,Killy Condie,Russia,RU,Fershampenuaz,28821978
84-872-5897,Elke Dumingos,China,CN,Pingshan,29268942
23-245-6549,Dusty Yedall,United States,US,Wilkes Barre,987-0384
01-889-1994,Marchelle Annes,Ukraine,UA,Rozhniv,383 01
85-126-7032,Riordan Wormald,Ethiopia,ET,Felege Neway,35125355
04-729-3719,Dodi Lenglet,China,CN,Longhua,35672720
79-553-1254,Calla Lambal,Paraguay,PY,Areguá,3810-792
40-116-0451,Josephine Archer,China,CN,Zhuangbian,692801
43-831-6225,Henryetta Kunes,Netherlands,NL,Leiden,649-6358
80-827-8013,Gusella Wadeling,Indonesia,ID,Ciampea,33651
20-741-4330,Ag Gasking,France,FR,Montbéliard,649-6358
89-981-5015,Filmer Floyd,Mexico,MX,Loma Bonita,353747
03-684-7057,Amandi McConaghy,Tunisia,TN,Skhira,383 01
51-811-2023,Maryellen Gligori,Morocco,MA,Mechrá Belqsiri,14772112
98-463-7157,Sibyl Cuphus,Nicaragua,NI,La Jicaral,14932160
15-541-9267,Mathew Groucutt,Nigeria,NG,Ete,15092208
60-341-1613,George Woodeson,Spain,ES,Cartagena,993-0064
94-189-0780,Pauline Danihelka,Philippines,PH,Tomingad,29715906
25-816-5806,Carleen Gyver,Armenia,AM,Spandaryan,30162870
60-243-1925,Jillene Maro,Philippines,PH,Capalayan,987-0385
99-181-8100,Polly Murton,Philippines,PH,Bontoc,384 01
57-653-7765,Cecilia Swinbourne,Portugal,PT,Refojos,36220085
00-896-7289,Felix Ouver,Czech Republic,CZ,Opařany,36767450
60-337-9209,Wynnie Feronet,China,CN,Dongxin,3810-793
89-961-8506,Enriqueta Kirwin,Finland,FI,Valtimo,692802
79-104-5654,Cathee Briscam,Germany,DE,Stuttgart,649-6359
75-667-5377,Lauri Hughill,Indonesia,ID,Banjar Kelodan,33652
83-007-6408,Meg Reburn,China,CN,Yongchang,649-6359
91-757-8892,Roanna Safont,United States,US,Kansas City,353748
08-417-0042,Nerty Green,China,CN,Fenjie,384 01
83-660-8060,Natasha Cool,Netherlands,NL,Eindhoven,15252256
97-850-3306,Cyril Copelli,Indonesia,ID,Abang,15412304
43-225-1028,Stormi Duddin,South Africa,ZA,Queenstown,15572352
84-559-2630,Alberik Rowcastle,Kenya,KE,Kiambu,993-0065
03-883-9835,Deck Paulat,Portugal,PT,Couto,30609834
45-619-6096,Richie Brydson,United States,US,Chesapeake,31056798
71-766-2433,Audra Hebborn,Indonesia,ID,Luti,987-0386
95-556-4695,Melita Drinkale,China,CN,Shijiao,385 01
46-633-0361,Joycelin Loghan,China,CN,Duqu,37314815
92-904-9582,Elisabetta Dubery,Mozambique,MZ,Beira,37862180
67-841-9713,Del Hughman,China,CN,Zhongbao,3810-794
68-296-9308,Darla Kubacek,Indonesia,ID,Tibakisa,692803
27-342-8219,Karel Welband,Czech Republic,CZ,Nová Role,649-6360
12-982-1679,Ondrea Keyser,Bosnia and Herzegovina,BA,Liješnica,33653
16-392-8441,Liam Downing,Philippines,PH,Bunawan,649-6360
01-608-1032,Ezequiel Benion,Jamaica,JM,Trinity Ville,353749
28-838-2563,Willa Wethered,Thailand,TH,Hang Dong,385 01
91-276-1722,Devland Pagett,Russia,RU,Dubrovka,15732400
92-898-9409,Beryl Coo,Venezuela,VE,Santa María de Ipire,15892448
28-808-0517,Nels Ordish,Burkina Faso,BF,Sapouy,16052496
82-932-8304,Curry Able,Indonesia,ID,Singkir,993-0066
16-112-3047,Lind Haggath,Argentina,AR,Comallo,31503762
48-297-2055,Red Nordass,Indonesia,ID,Kalepasan,31950726
62-452-0994,Hamnet Coultas,Japan,JP,Katori-shi,987-0387
23-605-5942,Kelsy Schroder,Indonesia,ID,Gersikputih Tengah,386 01
04-962-5217,Adelheid Casolla,Indonesia,ID,Sarae,38409545
16-138-8056,Jesse Martelet,Russia,RU,Shilovo,38956910
27-913-7247,Cornela LaBastida,China,CN,Longsheng,3810-795
48-898-3804,Ximenez Meredith,Mali,ML,Yélimané,692804
39-552-7180,Sherm Probat,Ukraine,UA,Krasnopillya,649-6361
21-644-8108,Hulda Nayshe,Indonesia,ID,Krajan Kedungsalam,33654
39-791-8742,Thorin Jolliman,China,CN,Shuangfeng,649-6361
47-423-8685,Alfreda Chasmer,United States,US,Fort Smith,353750
82-214-2697,Francis Runciman,China,CN,Longtang,386 01
98-132-2808,Nels Hargreaves,Micronesia,FM,Houk,16212544
33-208-6770,Stephanie Uman,Japan,JP,Hiratachō,16372592
25-056-4351,Leonie Battin,Russia,RU,Pionerskiy,16532640
86-592-7704,Leslie Noden,Honduras,HN,Carbajales,993-0067
82-505-1173,Grenville Penburton,China,CN,Zhaoyuan,32397690
13-051-6609,Celle Oller,Sweden,SE,Vårgårda,32844654
14-150-3681,Ibrahim Jurries,Portugal,PT,Vilar,987-0388
77-254-6430,Renato Paulin,United States,US,Grand Junction,387 01
19-203-6248,Janeva Silman,United States,US,Birmingham,39504275
50-471-6999,Pablo Dracksford,Trinidad and Tobago,TT,Rio Claro,40051640
74-924-9475,Erinn Vannar,France,FR,Villeneuve-lès-Avignon,3810-796
08-784-0123,Amandie Rohmer,Latvia,LV,Aloja,692805
66-811-8791,Gordan Hitscher,Indonesia,ID,Basiong,649-6362
37-292-6370,Emelda Furbank,Zimbabwe,ZW,Inyati,33655
55-446-0184,Marsh Fransoni,Russia,RU,Krasnaya Poyma,649-6362
34-938-2645,Law Leinweber,Indonesia,ID,Wonorejo,353751
29-402-3395,Kaleena Philips,Indonesia,ID,Pandaan,387 01
63-009-8189,Eyde Ellerton,Portugal,PT,Porto Formoso,16692688
71-643-1944,Hermione Tire,Brazil,BR,Amparo,16852736
24-648-1490,Itch Merle,Sri Lanka,LK,Ja Ela,17012784
91-488-9581,Henrie Ledward,Argentina,AR,Arias,993-0068
07-280-9648,Anna-diane Kopps,Argentina,AR,Libertador General San Martín,33291618
11-549-7666,Jessalin Dimitriades,Indonesia,ID,Sampir,33738582
38-163-2437,Burke Jupp,Russia,RU,Kupavna,987-0389
22-928-0299,Farrel Teare,Albania,AL,Gosë e Madhe,388 01
03-512-0082,Saul Parsonage,Indonesia,ID,Gudang,40599005
00-352-9063,Sharon Lazare,Peru,PE,Ayacucho,41146370
14-064-2226,Ainslee Feighney,Brazil,BR,Itapissuma,3810-797
48-890-3098,Jessey Doddrell,Slovenia,SI,Log pri Brezovici,692806
07-161-0216,Marsiella Duprey,Japan,JP,Ōbu,649-6363
81-464-9164,Gianni Aistrop,Colombia,CO,San Francisco,33656
32-091-9218,Neely Frankcomb,China,CN,Xiaogang,649-6363
33-285-9278,Lucretia Whyborn,Peru,PE,Pilluana,353752
50-753-5196,Alister Stronack,Indonesia,ID,Kudang,388 01
37-149-1807,Nancy Rollinshaw,Canada,CA,Smoky Lake,17172832
74-548-0202,Eimile Matz,Indonesia,ID,Malunda,17332880
81-015-5506,Valerye Phorsby,Indonesia,ID,Cipari Satu,17492928
76-847-6826,Gothart Domesday,Georgia,GE,Sokhumi,993-0069
46-324-1886,Ram Sinclaire,Russia,RU,Priozërsk,34185546
87-886-6643,Henrie Karolovsky,Russia,RU,Karpogory,34632510
29-913-3446,Paxon Jeffcoat,Russia,RU,Strunino,987-0390
02-156-3419,Reg Lepper,Comoros,KM,Koua,389 01
71-908-5082,Wenona MacGinlay,United States,US,Chicago,41693735
65-760-7724,Niles MacMenamy,China,CN,Zhongshanmen,42241100
58-196-6560,Cele Dunster,Ukraine,UA,Tomakivka,3810-798
22-501-0325,Jenn Josephoff,Iran,IR,Garmeh,692807
22-414-3931,Tyson Gahagan,Malaysia,MY,Kota Bharu,649-6364
30-959-5571,Felice Fiddler,Ukraine,UA,Novyy Starodub,33657
79-080-9855,Charline Warriner,Sweden,SE,Skara,649-6364
15-086-9086,Hanni Dunbleton,China,CN,Dalubian,353753
34-839-6626,Terrye Littlechild,China,CN,Gangbian,389 01
11-402-7555,Anjela Shobrook,Somalia,SO,Berbera,17652976
10-196-1743,Steven Cornbell,Hungary,HU,Székesfehérvár,17813024
07-187-1437,Julie Brandes,Lithuania,LT,Širvintos,17973072
33-882-5916,Boot Terbeck,Poland,PL,Przyborów,993-0070
75-071-4546,Henryetta Kempster,Moldova,MD,Criuleni,35079474
34-099-5874,Mei Scrogges,Russia,RU,Kolyvan’,35526438
41-356-7756,Florinda Cellier,Poland,PL,Bukowiec,987-0391
15-038-3835,Gay Skechley,China,CN,Mafang,390 01
59-386-1239,Beret Behneke,Japan,JP,Ginowan,42788465
28-875-7993,Adria Koubu,Canada,CA,Lac du Bonnet,43335830
13-040-2063,Karissa Sancraft,United States,US,Pompano Beach,3810-799
46-402-7692,Julietta Legerwood,Thailand,TH,Ranot,692808
64-665-8707,Bentley Gwyneth,China,CN,Zaoshi,649-6365
34-728-6780,Janeva Buist,France,FR,Alençon,33658
14-396-6788,Giselle Abrahart,Poland,PL,Szamotuły,649-6365
58-991-4580,Inez Flade,Portugal,PT,Moinhos,353754
02-681-4911,Nicole Linnit,China,CN,Huangzhou,390 01
75-669-7534,Michaela Babcock,Russia,RU,Korsakovo,18133120
28-783-9841,Jacquetta Plampin,China,CN,Donggou,18293168
49-464-9139,Ynez Hows,Brazil,BR,Florianópolis,18453216
86-404-0358,Elvina McGlynn,China,CN,Miaotang,993-0071
48-766-8760,Myra Zaczek,Argentina,AR,Vera,35973402
05-480-9942,Sabina Corneille,Indonesia,ID,Loa Janan,36420366
95-306-3083,Leanna Dur,Brazil,BR,Nossa Senhora do Socorro,987-0392
61-676-0339,Barnabas Casson,Kenya,KE,Litein,391 01
09-974-0828,Cornall Pimlock,Poland,PL,Grzechynia,43883195
47-010-9846,Harlie Jindracek,Malawi,MW,Dedza,44430560
63-400-1629,Leonora Tullett,Kenya,KE,Homa Bay,3810-800
78-969-3391,Vale Norwood,United States,US,Atlanta,692809
71-011-7586,Kimberli Eisenberg,Peru,PE,Laramate,649-6366
81-476-1236,Lisle Scamadin,Czech Republic,CZ,Vysoké nad Jizerou,33659
91-908-8699,Graham Rumford,Azerbaijan,AZ,Verkhniy Dashkesan,649-6366
07-014-5107,Fredelia Snedden,Indonesia,ID,Oenam,353755
24-388-6822,Anatole Desforges,Ghana,GH,Wassa-Akropong,391 01
18-648-5116,Gawain Willmont,Russia,RU,Saskylakh,18613264
90-423-2784,Brittni Nielson,Colombia,CO,Garagoa,18773312
57-843-3690,Paddie Tellenbrok,Russia,RU,Novozybkov,18933360
18-423-4240,Monique Fry,Bangladesh,BD,Nowlamary,993-0072
45-272-9855,Ogdon Petr,Canada,CA,Mirabel,36867330
11-687-7365,Lance Cheatle,United States,US,Newport Beach,37314294
51-291-3742,Devonne Yanuk,China,CN,Yangying,987-0393
53-853-8502,Vaughan Gorch,Guatemala,GT,Chiantla,392 01
45-685-2873,Terencio Loche,Kenya,KE,Keruguya,44977925
52-993-1145,Winnah Laye,Indonesia,ID,Cibaregbeg,45525290
36-740-6346,Lawrence O'Cahey,Portugal,PT,Fojo,3810-801
91-003-5808,Goldie O'Sherrin,Portugal,PT,Bouças,692810
19-291-5558,Kristoffer Pales,France,FR,Rennes,649-6367
57-799-5797,Sol Hynam,Sweden,SE,Vännäs,33660
56-376-6225,Kristian Beeken,Ecuador,EC,Piñas,649-6367
95-505-4189,Caterina Rosenzwig,Indonesia,ID,Sumberejo,353756
07-597-7903,Carroll Tear,Italy,IT,Napoli,392 01
62-551-8160,Jonell Aiton,Pakistan,PK,Karaundi,19093408
38-029-8372,Sherye Christmas,United States,US,Buffalo,19253456
97-361-6034,Natka Featenby,Russia,RU,Khatanga,19413504
78-757-0953,Biddy Spadoni,Indonesia,ID,Ebak,993-0073
14-188-9770,Brynn Roset,Honduras,HN,Trujillo,37761258
37-428-9401,Marcelia Kerswell,Cuba,CU,Condado,38208222
73-471-6783,Tove Jaquest,Nigeria,NG,Samamiya,987-0394
03-040-0318,Lorne Boldry,United States,US,Decatur,393 01
11-586-9495,Debbie Noteyoung,Afghanistan,AF,Nahrīn,46072655
69-530-7688,Devonne Whal,Colombia,CO,Balboa,46620020
79-339-7626,Zena Todari,Indonesia,ID,Telgawah,3810-802
39-702-3793,Kathleen Mac Giolla Pheadair,Ecuador,EC,Sucre,692811
88-988-5357,Korney Buffery,Greece,GR,Methóni,649-6368
92-702-5870,Desiri Issac,Philippines,PH,Tinampo,33661
18-907-7870,Serene Steadman,China,CN,Shiquan,649-6368
06-321-2499,Mano Abrahamson,Portugal,PT,Cercal,353757
36-850-2399,Yardley Eliet,United States,US,Sacramento,393 01
31-320-9549,Christi Flute,China,CN,Leigu,19573552
47-474-8927,Walther Rablin,China,CN,Guangfu,19733600
83-549-0652,Sophey Garling,China,CN,Xincheng,19893648
44-311-9619,Gavra Breslin,Russia,RU,Tsotsin-Yurt,993-0074
40-236-9118,Emmerich Ochterlony,Belarus,BY,Gomel,38655186
66-514-5198,Kellina Oates,Argentina,AR,Villa de Soto,39102150
14-693-9001,Karee Colchett,France,FR,Montbéliard,987-0395
71-801-5063,Enrika Marty,China,CN,Rulong,394 01
48-306-2176,Cal Rorke,Indonesia,ID,Jongorsari,47167385
86-277-5508,Jehu Dauney,Indonesia,ID,Tugu,47714750
57-157-8353,Barb Murfett,Canada,CA,Swan Hills,3810-803
30-847-7835,Jo O'Nowlan,Syria,SY,Kafr Baţnā,692812
21-383-0942,Hermine Dorton,Poland,PL,Olszyna,649-6369
67-467-1171,Egon Lawrance,Portugal,PT,Farinheiras,33662
18-179-2197,Winn Raynes,Indonesia,ID,Citangtu Kaler,649-6369
76-335-3399,Emilie Faircley,Sweden,SE,Ystad,353758
45-044-4374,Antonino McMains,Philippines,PH,Noling,394 01
13-951-6935,Megan Beddows,Argentina,AR,Marull,20053696
72-152-2430,Haslett Jenkyn,China,CN,Yongning,20213744
61-623-7377,Gus Trower,Indonesia,ID,Banarankrajan,20373792
09-203-2909,Doreen Sothcott,United States,US,Decatur,993-0075
91-336-4124,Allyn Gurnay,Vietnam,VN,Nghĩa Hành,39549114
42-547-8958,Katy Pine,China,CN,Linggou,39996078
03-547-5984,Joanie Swindley,Russia,RU,Zaymishche,987-0396
27-104-9440,Petronille Scrimgeour,United States,US,San Francisco,395 01
53-236-6596,Ellis Castanares,China,CN,Jinsha,48262115
95-631-7257,Delly Ventum,Thailand,TH,Su-ngai Kolok,48809480
17-578-7660,Antonella Ochterlony,Czech Republic,CZ,Dobřív,3810-804
80-268-7959,Felita Dovey,China,CN,Tianhekou,692813
70-610-7059,Hall Everil,Ukraine,UA,Richky,649-6370
91-839-0337,Dodi Basindale,Cuba,CU,Niquero,33663
98-336-1192,Krishnah Pearch,Brazil,BR,Lençóis Paulista,649-6370
13-919-9687,Gabrielle Coxall,China,CN,Junxi,353759
07-667-2054,Jobie Coaten,Chile,CL,San Pedro de Atacama,395 01
85-451-7757,Borden Hacking,Indonesia,ID,Made,20533840
09-340-5529,Dell Hellsdon,Montenegro,ME,Šavnik,20693888
28-994-2175,Dorie Cammell,Russia,RU,Zamoskvorech’ye,20853936
21-516-0006,Rayna Strathearn,China,CN,Guanchao,993-0076
90-138-4450,Brendin Meedendorpe,Maldives,MV,Kudahuvadhoo,40443042
27-611-0020,Raquel Borham,Spain,ES,Toledo,40890006
23-205-4715,Tildy Shanks,Philippines,PH,Cabog,987-0397
90-947-8460,Alisander Shoebottom,Philippines,PH,Kajatian,396 01
37-076-7913,Brandon Cocklie,Saint Barthelemy,BL,Gustavia,49356845
46-123-3292,Hebert Aubin,Colombia,CO,Barrancas,49904210
30-426-0861,Aldin Purrier,Germany,DE,Hamburg Bramfeld,3810-805
17-425-9366,Willi Voce,China,CN,Huangjin,692814
54-763-6870,Roxine Humphries,Cuba,CU,Cruces,649-6371
21-910-6325,Guthrey Juara,Thailand,TH,Sam Roi Yot,33664
87-825-2791,Mariel Bourdel,Indonesia,ID,Rainis,649-6371
10-534-1630,Cissiee Gobeau,Uzbekistan,UZ,Chust Shahri,353760
12-760-8688,Bonnee Keller,China,CN,Shentang,396 01
20-910-8042,Nelie Cleare,China,CN,Dadian,21013984
49-905-8008,Hurlee Dhennin,China,CN,Zhiqu,21174032
21-823-5019,Charil Fanton,Ireland,IE,Clifden,21334080
70-815-9836,Far Emmanuele,Sweden,SE,Skövde,993-0077
40-189-3632,Jilly Bursnoll,China,CN,Jiangya,41336970
42-611-3228,Wakefield Strotton,Portugal,PT,Presa,41783934
62-189-0455,Skippy McIlwain,Vietnam,VN,Tây Hồ,987-0398
67-746-6460,Ara McWard,Macedonia,MK,Матејче,397 01
44-431-8932,Elvira Beverstock,Portugal,PT,Tojeira,50451575
82-729-5605,Westbrooke Blindt,Israel,IL,Qiryat Yam,50998940
77-869-4945,Maribelle Allcroft,Peru,PE,Motupe,3810-806
53-704-6388,Roosevelt Grigg,China,CN,Jielin,692815
14-346-3203,Jard Adderson,China,CN,Shangwuzhuang,649-6372
14-832-8262,Steward Pettinger,Indonesia,ID,Nangalimang,33665
12-510-9183,Barby Noell,Philippines,PH,Perrelos,649-6372
44-900-5794,Bertrand Bilton,Argentina,AR,Jesús María,353761
42-905-5328,Emilee Riddeough,Kazakhstan,KZ,Oral,397 01
20-850-2376,Agretha Dutteridge,Namibia,,Otjiwarongo,21494128
75-271-9762,Ferrel Jeratt,China,CN,Jindou,21654176
68-882-8050,Selia Grigoroni,Indonesia,ID,Bun Barat,21814224
42-607-3260,Celine Coopland,Indonesia,ID,Pajaten,993-0078
60-346-2768,Danna O'Nion,Greece,GR,Morfovoúni,42230898
76-163-3165,Cornelia Rowth,Japan,JP,Enzan,42677862
19-601-3865,Horatio Codi,Armenia,AM,Hats’avan,987-0399
47-264-6899,Dru Priscott,Czech Republic,CZ,Dolní Dvořiště,398 01
56-511-3188,Bibbie Bover,Kyrgyzstan,KG,Bazar-Korgon,51546305
21-798-9412,Lise Fegan,Afghanistan,AF,Dū Laīnah,52093670
82-520-3770,Faith Grushin,United States,US,Washington,3810-807
95-331-1993,Berte Cornall,Nepal,NP,Dārchulā,692816
53-257-4115,King Hillin,Thailand,TH,Wang Nam Khiao,649-6373
42-410-0705,Selena Relton,Indonesia,ID,Singojuruh,33666
38-609-7229,Virgie Belhomme,Uganda,UG,Kasese,649-6373
03-331-1028,Brunhilda Beeze,Brazil,BR,Ribas do Rio Pardo,353762
29-836-4385,Colver McChesney,Indonesia,ID,Parengan,398 01
41-226-8734,Dominick Crafts,Afghanistan,AF,Pul-e Sangī,21974272
16-815-6643,Tiertza Barford,Russia,RU,Volokolamsk,22134320
77-281-8756,Hastie Charopen,Philippines,PH,Tuburan,22294368
30-825-3298,Doug Logg,Russia,RU,Mozhaysk,993-0079
96-799-4054,Clive Crammy,China,CN,Shiban,43124826
68-814-7130,Ximenes Carnachen,Kazakhstan,KZ,Kostanay,43571790
32-736-6261,Jere Whitebrook,Indonesia,ID,Kotaagung,987-0400
63-784-1408,Gabe Boyan,Serbia,RS,Novi Slankamen,399 01
40-260-1346,Gennifer Koenen,Ecuador,EC,Cayambe,52641035
35-306-1244,Tedda Plumridge,Croatia,HR,Bapska,53188400
48-853-9332,Lexie Spinetti,China,CN,Shijia,3810-808
56-125-9083,Anastasia Baudy,China,CN,Jangdam,692817
72-073-0415,Anna-maria Neilan,Thailand,TH,Nong Saeng,649-6374
50-376-1116,Melisandra Mungham,China,CN,Xinhua,33667
20-180-7160,Dian Collough,China,CN,Mayong,649-6374
47-775-2879,Elayne Karet,China,CN,Xiaosong,353763
58-519-0920,Pail Duignan,Saudi Arabia,SA,Tanūmah,399 01
53-665-5572,Rivi Bowart,Bangladesh,BD,Kushtia,22454416
99-823-8050,Carlye Chiswell,Greece,GR,Traganón,22614464
46-151-7455,Braden Bartolacci,France,FR,Royan,22774512
57-249-9311,Hedi Chadwin,China,CN,Huaishu,993-0080
41-836-7896,Annamarie Taylot,Sweden,SE,Helsingborg,44018754
77-952-2629,Rhetta Nevill,Philippines,PH,Lupao,44465718
04-242-3472,Raye Fyldes,Colombia,CO,Mompós,987-0401
97-519-5326,Kellby Quarterman,Philippines,PH,Hanggan,400 01
74-748-7404,Raye Rossant,Albania,AL,Orikum,53735765
03-350-0766,Aaron Cromley,Portugal,PT,Cruz,54283130
59-273-7178,Morganne Brecknell,Kyrgyzstan,KG,Naryn,3810-809
75-358-8408,Dieter Crannis,Cuba,CU,Viñales,692818
53-501-6288,Kerri Barnes,Brazil,BR,Posse,649-6375
06-093-4453,Adaline Reichartz,China,CN,Jetaral,33668
09-685-7250,Ally McBrearty,France,FR,Mundolsheim,649-6375
48-621-4122,Theda Jagoe,Afghanistan,AF,Mutā Khān,353764
37-038-2215,Jethro Fenwick,Colombia,CO,Villa del Rosario,400 01
60-917-4254,Bambie Frears,China,CN,Zhanjiang,22934560
62-845-0351,Ezri Gouck,Latvia,LV,Inčukalns,23094608
83-415-1839,Charisse Risso,Greece,GR,Kavallári,23254656
79-877-0995,Leanna Chapelhow,France,FR,Aix-en-Provence,993-0081
35-922-4096,Florella McMullen,China,CN,Yong’an,44912682
07-117-6288,Raven Cawkwell,Indonesia,ID,Lembursawah,45359646
29-212-8537,Mable Browncey,Indonesia,ID,Paninggaran,987-0402
98-667-2397,Essie Hagland,Russia,RU,Spas-Zaulok,401 01
42-820-6751,Valida Greenhill,Philippines,PH,New Pandanon,54830495
14-111-5943,Malinde Firbanks,Indonesia,ID,Pilang,55377860
60-136-0339,Persis Chipchase,Indonesia,ID,Suwaru,3810-810
48-656-3310,Demetris McGibbon,Italy,IT,Napoli,692819
07-805-8279,Natala Stobbe,Sweden,SE,Lidingö,649-6376
21-055-2991,Shandy Sefton,Russia,RU,Rakhmanovo,33669
38-183-2380,Sander Maloney,Sweden,SE,Hallsberg,649-6376
31-360-2315,Ellis Kops,France,FR,Rouen,353765
58-897-9539,Yankee Penright,Russia,RU,Kuznechikha,401 01
45-104-2327,Wandie Yeeles,Venezuela,VE,Píritu,23414704
26-472-0085,Tanner Garner,Mexico,MX,Lazaro Cardenas,23574752
95-863-7435,Maryjo Strangwood,Poland,PL,Kortowo,23734800
85-315-2081,Dorise Reames,Sweden,SE,Vargön,993-0082
82-197-4890,Sly Fullwood,Peru,PE,Urcos,45806610
90-268-2856,Florella Reape,Colombia,CO,Lérida,46253574
54-078-7771,Korney O'Carney,Canada,CA,North Bay,987-0403
91-387-2469,Rorie Colicot,China,CN,Pantian,402 01
87-182-2023,Nathanil Eykel,Japan,JP,Ōdachō-ōda,55925225
13-867-0430,Carol-jean Sodory,China,CN,Hongwei,56472590
50-466-7631,Ludwig Fuxman,Brazil,BR,Iranduba,3810-811
41-164-0757,Gloriane Allsepp,Brazil,BR,Tabatinga,692820
01-646-4719,Christoper Myrkus,China,CN,Ziketan,649-6377
24-476-4314,Steward Doyland,Philippines,PH,Masipi West,33670
96-936-2893,Jenilee Ricardou,Ukraine,UA,Uyutne,649-6377
43-976-6171,Riccardo Jahner,Russia,RU,Taksimo,353766
04-213-6891,Leonard Fuxman,Argentina,AR,La Clotilde,402 01
03-754-8064,Ali Einchcombe,China,CN,Hushi,23894848
80-279-3555,Cynthea O'Hickee,France,FR,Aulnay-sous-Bois,24054896
34-747-6973,Renata Vlach,Poland,PL,Babice,24214944
80-992-8483,Manuel Gloyens,China,CN,Xiadu,993-0083
27-053-6056,Jerrome Drohan,Indonesia,ID,Sukadana,46700538
28-076-4615,Karoly Ivie,Pakistan,PK,Thatta,47147502
05-685-7660,Jory Glave,Philippines,PH,Salogon,987-0404
96-672-3509,Charin Pinckard,China,CN,Qinling Jieban,403 01
62-549-2752,Malina Pengelly,Indonesia,ID,Rawawilis,57019955
40-270-8030,Marillin Dennehy,Senegal,SN,Foundiougne,57567320
59-072-5051,Laina Thurborn,Mongolia,MN,Dzüünkharaa,3810-812
28-108-0435,Noel Ladley,Japan,JP,Yachimata,692821
57-785-3314,Gail Grigaut,Indonesia,ID,Pasar,649-6378
94-096-1282,Gordan Kneeshaw,Russia,RU,Terek,33671
46-049-5828,Quinn Stamps,Malaysia,MY,Kota Kinabalu,649-6378
41-128-9654,Odilia Bockett,France,FR,Nuits-Saint-Georges,353767
81-094-4880,Mikael O'Keevan,Brazil,BR,Cruz Alta,403 01
71-750-9970,Egbert Mollnar,Ukraine,UA,Pavlysh,24374992
18-073-6715,Howie Flamank,Brazil,BR,Santa Maria,24535040
41-371-0653,Judy Swainson,Croatia,HR,Zdenci,24695088
32-572-1979,Dulcie Lax,Czech Republic,CZ,Velké Pavlovice,993-0084
54-536-6254,Nelli Myrie,Poland,PL,Łęknica,47594466
29-219-2253,Althea Jaggli,Mexico,MX,Lazaro Cardenas,48041430
71-721-5004,Row Colchett,Indonesia,ID,Marang,987-0405
97-710-2761,Adlai Arnull,Saudi Arabia,SA,Qal‘at Bīshah,404 01
59-575-5435,Paloma Spellar,Colombia,CO,Florencia,58114685
65-481-0473,Hyacintha Hanne,United States,US,Phoenix,58662050
43-167-6563,Mattie Brenston,China,CN,Daba,3810-813
64-548-0720,Quintus Parcells,Norway,NO,Oslo,692822
80-680-2541,Sue Fargie,Brazil,BR,Teresópolis,649-6379
80-692-1577,Amaleta Brattan,Indonesia,ID,Caringin Lor,33672
20-619-2889,Willow Burmingham,Myanmar,MM,Kanbe,649-6379
33-530-9357,Fawnia Bartosch,Nepal,NP,Khāndbāri,353768
37-845-3065,Donni Tatem,United States,US,Fairbanks,404 01
81-488-4385,Mary Jellett,United States,US,Pasadena,24855136
81-070-8211,Todd Riglesford,Philippines,PH,Barra,25015184
57-713-4376,Aube Francescuzzi,France,FR,Périgny,25175232
91-235-3553,Fanni Caccavella,Philippines,PH,Panacan,993-0085
34-942-9341,Allie Turbard,Indonesia,ID,Dalam,48488394
53-865-0514,Nadine Cudbird,China,CN,Kuandian,48935358
31-432-4517,Ginelle Finnimore,Azerbaijan,AZ,Ujar,987-0406
55-350-7166,Rici Bollin,Poland,PL,Maszkienice,405 01
44-464-5517,Yvon Chasmor,Argentina,AR,Corralito,59209415
13-549-8164,Sindee Drynan,Samoa,WS,Malie,59756780
76-184-8198,Kim McCloughlin,Nigeria,NG,Vom,3810-814
53-208-7209,Jarib Cranke,Kazakhstan,KZ,Shīeli,692823
38-865-5715,Cordelia Whicher,France,FR,Épinal,649-6380
15-968-4354,Adria Heller,Indonesia,ID,Sungi Liput,33673
23-557-3971,Ash Boise,China,CN,Shouxihu,649-6380
42-475-0558,Ravid Josephsen,Sweden,SE,Vimmerby,353769
37-704-3505,Belle Priver,Russia,RU,Chuchkovo,405 01
50-685-3169,Wanda Ramas,Brazil,BR,Ipojuca,25335280
86-294-0566,Jazmin Torald,Portugal,PT,Boavista,25495328
23-082-9045,Mellicent Philliphs,Brazil,BR,Maracanaú,25655376
74-130-0054,Reggie Hallaways,China,CN,Zhongluotan,993-0086
52-201-2191,Rubin Ind,Philippines,PH,Malinta,49382322
30-902-5761,Melodee Gartshore,United States,US,Santa Cruz,49829286
33-940-3140,Giffy Wreath,Brazil,BR,Correia Pinto,987-0407
10-483-3261,Heida Bohden,Russia,RU,Slavgorod,406 01
66-300-2343,Saw Aspenlon,Argentina,AR,Almafuerte,60304145
27-735-9532,Jenda Castellino,China,CN,Delong,60851510
42-165-1972,Bobby Blazewski,China,CN,Xinglongchang,3810-815
23-834-9533,Boniface Giovannilli,Poland,PL,Szydłowo,692824
81-334-5691,Halette O'Hanley,China,CN,Hedong,649-6381
30-022-9413,Herculie Eastment,Indonesia,ID,Bulu,33674
19-848-0069,Virginie Lammas,Belarus,BY,Syanno,649-6381
98-591-9409,Zorine Delacourt,Albania,AL,Mesopotam,353770
10-047-1960,Isidro Chelam,Russia,RU,Vladikavkaz,406 01
42-897-6329,Annmarie Bountiff,Morocco,MA,Rislane,25815424
39-999-0021,Sid Oultram,Philippines,PH,Tiblawan,25975472
82-124-3942,Patrizia Kunrad,China,CN,Chengnan,26135520
36-331-2831,Marillin Tieman,Japan,JP,Takayama,993-0087
34-309-3114,Rodrigo D'Alessio,Trinidad and Tobago,TT,Siparia,50276250
19-101-7328,Gigi Trunchion,Russia,RU,Khanino,50723214
60-136-4870,Mitzi De Mico,Indonesia,ID,Kotabaru,987-0408
85-127-4717,Dannye Passmore,Czech Republic,CZ,Bělá pod Bezdězem,407 01
49-948-7915,Carree Jeffree,Indonesia,ID,Tetaf,61398875
06-831-0706,Shell Oldis,China,CN,Huxiaoqiao,61946240
29-914-6794,Ardene Davydenko,Gambia,GM,Abuko,3810-816
31-856-0244,Lethia Bodechon,Sweden,SE,Vänersborg,692825
32-395-2589,Harriott Manby,Cameroon,CM,Limbe,649-6382
04-935-5157,Kissie Gosford,Indonesia,ID,Dusun Desa Bunter,33675
18-892-9010,Isador Saffen,Thailand,TH,Narathiwat,649-6382
95-339-8822,Sheela Stein,United States,US,Salt Lake City,353771
95-862-4662,Dal Raper,China,CN,Yanxi,407 01
80-277-5556,Gauthier Sapshed,Pakistan,PK,Ahmadpur Siāl,26295568
48-999-9247,Gizela Northover,China,CN,Xin Bulag,26455616
55-441-4945,Taffy Shipcott,Gambia,GM,Pateh Sam,26615664
74-776-1637,Forster Pervew,New Zealand,NZ,Kerikeri,993-0088
51-529-9908,Arlette Magauran,Armenia,AM,Vanadzor,51170178
63-986-0563,Jameson Yaknov,Indonesia,ID,Mulyoagung,51617142
96-628-9343,Esdras Scoffins,Indonesia,ID,Sumberbening,987-0409
61-684-7316,Gradey O'Gready,China,CN,Hetian,408 01
48-951-1953,Lowrance Kleinmintz,China,CN,Beigang,62493605
64-856-3763,Dore Coyett,Malaysia,MY,Kota Bharu,63040970
23-233-9582,Baxy Dunkerley,China,CN,Layu,3810-817
15-212-8866,Charlot Warkup,Indonesia,ID,Solok,692826
07-575-4456,Godfrey Jellicorse,Russia,RU,Vazhiny,649-6383
99-435-3448,Ives Darmody,China,CN,Jiangkou,33676
07-158-6611,Stephi Broose,Brazil,BR,Jacareí,649-6383
40-581-7231,Hervey Ganning,Brazil,BR,Torres,353772
49-436-2903,Bennett Pendered,South Korea,KR,Changnyeong,408 01
49-449-2339,Jilleen Foux,Afghanistan,AF,Khānaqāh,26775712
28-494-9464,Jefferson Lauderdale,Indonesia,ID,Batanghari,26935760
28-255-9636,Stirling Santry,Bangladesh,BD,Chhāgalnāiya,27095808
04-007-9403,Reilly Domonkos,Portugal,PT,Fonte Boa da Brincosa,993-0089
30-134-4141,Mary Demangel,Poland,PL,Daszewice,52064106
43-303-6151,Carolan Di Giacomo,China,CN,Talin Hiag,52511070
74-339-8181,Clarette Barreau,China,CN,Zhongtang,987-0410
34-231-0656,Germaine Vallack,Russia,RU,Voronezh,409 01
68-194-7215,Alena Geratasch,Germany,DE,Augsburg,63588335
82-442-4503,Dill Beardshall,China,CN,Daohe,64135700
65-959-0100,Dolorita Drayton,Bahrain,BH,Sitrah,3810-818
06-870-3808,Guthry Galpin,France,FR,Forbach,692827
79-834-1150,Paton Fritzer,Poland,PL,Nowe Grocholice,649-6384
91-484-8549,Kelbee Illesley,Brazil,BR,Sete Lagoas,33677
58-358-2956,Christabella Coathup,Indonesia,ID,Bangil,649-6384
40-946-4285,Ephrem Steers,Canada,CA,Saint-André-Avellin,353773
22-719-1060,Melesa Halahan,Mexico,MX,Fernando Gutierrez Barrios,409 01
